{
  "Enemys": {
    "Count": 13,
    "0": {
      "Name": "Rabbit",
      "Level": 1,
      "Health": 11,
      "Attack": 2,
      "Possibility": 80,
      "Crit": 25,
      "CritDamage": 3,
      "Weight": 40,
      "Speed": 30,
      "Range": 2,
      "Aggression": 0
    },
    "1": {
      "Name": "Cow",
      "Level": 1,
      "Health": 21,
      "Attack": 5,
      "Possibility": 85,
      "Crit": 25,
      "CritDamage": 10,
      "Weight": 35,
      "Speed": 15,
      "Range": 4,
      "Aggression": 0
    },
    "2": {
      "Name": "Snake",
      "Level": 2,
      "Health": 15,
      "Attack": 5,
      "Possibility": 90,
      "Crit": 30,
      "CritDamage": 10,
      "Weight": 25,
      "Speed": 15,
      "Range": 4,
      "Aggression": 2,
      "Type": 2,
      "FeaturePower": 2
    },
    "3": {
      "Name": "Wolf",
      "Level": 2,
      "Health": 27,
      "Attack": 10,
      "Possibility": 90,
      "Crit": 15,
      "CritDamage": 15,
      "Weight": 30,
      "Speed": 20,
      "Range": 5,
      "Aggression": 2,
      "Type": 1,
      "FeaturePower": 1
    },
    "4": {
      "Name": "Killer Rabbit",
      "Level": 2,
      "Health": 15,
      "Attack": 25,
      "Possibility": 90,
      "Crit": 5,
      "CritDamage": 50,
      "Weight": 15,
      "Speed": 25,
      "Range": 4,
      "Aggression": 3,
      "Type": 1,
      "FeaturePower": 2,
      "IsBoss": true
    },
    "5": {
      "Name": "Racoon",
      "Level": 1,
      "Health": 13,
      "Attack": 8,
      "Possibility": 90,
      "Crit": 20,
      "CritDamage": 10,
      "Weight": 30,
      "Speed": 30,
      "Range": 2,
      "Aggression": 1
    },
    "6": {
      "Name": "Bobcat",
      "Level": 2,
      "Health": 25,
      "Attack": 12,
      "Possibility": 90,
      "Crit": 15,
      "CritDamage": 17,
      "Weight": 30,
      "Speed": 25,
      "Range": 5,
      "Aggression": 2,
      "Type": 1,
      "FeaturePower": 2
    },
    "7": {
      "Name": "Gorilla",
      "Level": 3,
      "Health": 50,
      "Attack": 20,
      "Possibility": 90,
      "Crit": 25,
      "CritDamage": 30,
      "Weight": 30,
      "Speed": 15,
      "Range": 8,
      "Aggression": 2,
      "IsBoss": true,
      "CustomDrop": {
        "Count": 1,
        "0": {
          "Drop": "Tribal Spear",
          "Rarity": "Common",
          "Weight": 100
        }
      }
    },
    "8": {
      "Name": "Rhino",
      "Level": 3,
      "Health": 100,
      "Attack": 25,
      "Possibility": 90,
      "Crit": 25,
      "CritDamage": 40,
      "Weight": 15,
      "Speed": 15,
      "Range": 4,
      "Aggression": 2,
      "Type": 1,
      "FeaturePower": 2,
      "IsBoss": true,
      "CustomDrop": {
        "Count": 1,
        "0": {
          "Drop": "Rhino Horn Spear",
          "Rarity": "Legendary",
          "Weight": 100
        }
      }
    },
    "9": {
      "Name": "Hyle",
      "Level": 3,
      "Health": 75,
      "Attack": 15,
      "Possibility": 100,
      "Crit": 25,
      "CritDamage": 20,
      "Weight": 20,
      "Speed": 45,
      "Range": 4,
      "Aggression": 1,
      "IsBoss": true,
      "CustomDrop": {
        "Count": 1,
        "0": {
          "Drop": "Hyle Blood",
          "Rarity": "Rare",
          "Weight": 100
        }
      }
    },
    "10": {
      "Name": "Guard",
      "Level": 4,
      "Health": 100,
      "Attack": 20,
      "Possibility": 90,
      "Crit": 35,
      "CritDamage": 30,
      "Weight": 15,
      "Speed": 30,
      "Range": 6,
      "Aggression": 2,
      "IsBoss": true,
      "CustomDrop": {
        "Count": 7,
        "0": {
          "Drop": "Sword",
          "Rarity": "Random",
          "Weight": 100
        },
        "1": {
          "Drop": "Arrow",
          "Rarity": "Random",
          "Weight": 100
        },
        "2": {
          "Drop": "Sharp Sword",
          "Rarity": "Random",
          "Weight": 80
        },
        "3": {
          "Drop": "Boardsword",
          "Rarity": "Random",
          "Weight": 80
        },
        "4": {
          "Drop": "Long Spear",
          "Rarity": "Random",
          "Weight": 80
        },
        "5": {
          "Drop": "Simple Armor",
          "Rarity": "Random",
          "Weight": 70
        },
        "6": {
          "Drop": "Hard Armor",
          "Rarity": "Random",
          "Weight": 70
        }
      }
    },
    "11": {
      "Name": "King Arthur",
      "Level": 4,
      "Health": 200,
      "Attack": 30,
      "Possibility": 90,
      "Crit": 35,
      "CritDamage": 45,
      "Weight": 10,
      "Speed": 30,
      "Range": 6,
      "Aggression": 2,
      "IsBoss": true,
      "CustomDrop": {
        "Count": 1,
        "0": {
          "Drop": "King Arthur's Sword",
          "Rarity": "Mythic",
          "Weight": 100
        }
      }
    },
    "12": {
      "Name": "Dragon",
      "Level": 5,
      "Health": 300,
      "Attack": 50,
      "Possibility": 90,
      "Crit": 25,
      "CritDamage": 65,
      "Weight": 5,
      "Speed": 30,
      "Range": 6,
      "Aggression": 2,
      "IsBoss": true,
      "CustomDrop": {
        "Count": 1,
        "0": {
          "Drop": "Dragon Flake Armor",
          "Rarity": "Mythic",
          "Weight": 100
        }
      }
    }
  },





  "Weapons": {
    "Count": 14,
    "0": {
      "Name": "Sword",
      "Attack": 10,
      "Possibility": 85,
      "Crit": 15,
      "CritDamage": 20,
      "Type": 0,
      "FeaturePower": 10,
      "On": true,
      "Speed": 20,
      "Range": 4,
      "Cost": 20
    },
    "1": {
      "Name": "Arrow",
      "Attack": 5,
      "Possibility": 90,
      "Crit": 20,
      "CritDamage": 7,
      "Type": 0,
      "FeaturePower": 10,
      "Use": 5,
      "On": true,
      "Speed": 30,
      "Range": 12,
      "HaveParentWeapon": true,
      "ParentCost": 30,
      "Cost": 5
    },
    "2": {
      "Name": "Health Potion",
      "Attack": 30,
      "Possibility": 100,
      "Crit": 20,
      "CritDamage": 40,
      "Type": 2,
      "FeaturePower": 0,
      "Use": 0,
      "Speed": 100,
      "Range": 100,
      "Cost": 15
    },
    "3": {
      "Name": "Big Health Potion",
      "Attack": 40,
      "Possibility": 100,
      "Crit": 20,
      "CritDamage": 65,
      "Type": 2,
      "FeaturePower": 0,
      "Use": 0,
      "Speed": 100,
      "Range": 100,
      "Cost": 30
    },
    "4": {
      "Name": "Sharp Sword",
      "Attack": 15,
      "Possibility": 85,
      "Crit": 20,
      "CritDamage": 30,
      "Type": 3,
      "FeaturePower": 2,
      "Speed": 25,
      "Range": 6,
      "Cost": 50
    },
    "5": {
      "Name": "Boardsword",
      "Attack": 20,
      "Possibility": 85,
      "Crit": 20,
      "CritDamage": 30,
      "Type": 0,
      "FeaturePower": 20,
      "Speed": 15,
      "Range": 5,
      "Cost": 65
    },
    "6": {
      "Name": "Hyle Blood",
      "Attack": 100,
      "Possibility": 100,
      "Crit": 20,
      "CritDamage": 125,
      "Type": 2,
      "FeaturePower": 0,
      "Use": 0,
      "Speed": 100,
      "Range": 100,
      "Cost": 0,
      "IsOnlyDrop": true
    },
    "7": {
      "Name": "Tribal Spear",
      "Attack": 35,
      "Possibility": 95,
      "Crit": 20,
      "CritDamage": 50,
      "Type": 3,
      "FeaturePower": 2,
      "Use": 0,
      "Speed": 50,
      "Range": 8,
      "Cost": 0,
      "IsOnlyDrop": true
    },
    "8": {
      "Name": "Rhino Horn Spear",
      "Attack": 65,
      "Possibility": 100,
      "Crit": 20,
      "CritDamage": 85,
      "Type": 0,
      "FeaturePower": 5,
      "Use": 0,
      "Speed": 50,
      "Range": 7,
      "Cost": 0,
      "IsOnlyDrop": true
    },
    "9": {
      "Name": "Long Spear",
      "Attack": 10,
      "Possibility": 80,
      "Crit": 20,
      "CritDamage": 15,
      "Type": 3,
      "FeaturePower": 1,
      "Speed": 25,
      "Range": 6,
      "Cost": 40
    },
    "10": {
      "Name": "Simple Armor",
      "Attack": 0,
      "Possibility": 0,
      "Crit": 0,
      "CritDamage": 0,
      "Type": 5,
      "FeaturePower": 20,
      "Speed": 0,
      "Range": 0,
      "Cost": 35
    },
    "11": {
      "Name": "Hard Armor",
      "Attack": 0,
      "Possibility": 0,
      "Crit": 0,
      "CritDamage": 0,
      "Type": 5,
      "FeaturePower": 35,
      "Speed": 0,
      "Range": 0,
      "Cost": 50
    },
    "12": {
      "Name": "King Arthur's Sword",
      "Attack": 25,
      "Possibility": 80,
      "Crit": 20,
      "CritDamage": 35,
      "Type": 0,
      "FeaturePower": 0,
      "Speed": 15,
      "Range": 6,
      "Cost": 0,
      "IsOnlyDrop": true
    },
    "13": {
      "Name": "Dragon Flake Armor",
      "Attack": 0,
      "Possibility": 0,
      "Crit": 0,
      "CritDamage": 0,
      "Type": 5,
      "FeaturePower": 75,
      "Speed": 0,
      "Range": 0,
      "Cost": 0
    }
  }
}